"metric","value"
"n_obs",5000
"min",0.438943195173509
"p5",0.53941875875896
"median",0.720271716052029
"mean",1
"p95",2.00060217587499
"max",2.12801065891755
"sd",0.54603050526634
"n_extreme_low",0
"n_extreme_high",0
"ess",3851.81398957136
