"stat","df","p.value"
85.448500066882,6,2.22044604925031e-16
