"stat","df","p.value"
29.6735833648071,8,0.000241375759027163
