"stat","df","p.value"
33.8687407209929,2,4.42075450690638e-08
