"stat","df","p.value"
37.090886127646,2,8.8270667442103e-09
