panel,cohort,mean,se,percent_fast,gap
cohort_distress,2023,3.8546282186307166,0.024156389173172102,NA,NA
cohort_distress,2024,3.8506892665064076,0.023165983464495544,NA,NA
cohort_engagement,2023,4.809797026574094,0.0234262672573423,NA,NA
cohort_engagement,2024,4.872101665864644,0.02261621932251905,NA,NA
cohort_fast_pct,2023,NA,NA,50.191017936653594,NA
cohort_fast_pct,2024,NA,NA,49.81790798480167,NA
cohort_gap_distress,2023,NA,NA,NA,0.19894397834779465
cohort_gap_distress,2024,NA,NA,NA,0.14840182768195653
